Temperature,Humidity,Wind_Speed,PM2.5,PM10,NO2,SO2,CO,O3,AQI
23.6,56.5,9.4,67.6,145.9,11.2,0,1.72,49.9,149
26.3,55.4,10.0,59.8,114.2,57.5,17.5,2.05,43.8,114
30.3,30.9,8.4,56.7,138.5,25.4,18.8,2.27,61.8,131
14.0,56.9,3.9,78.3,150.1,26.7,21.6,0.02,49.7,145
24.1,54.1,10.6,70.1,91.4,31.0,19.6,0.8,63.1,114
32.2,64.0,13.8,85.9,171.0,18.8,22.7,2.14,53.7,175
39.3,58.1,2.9,34.2,78.6,32.3,7.9,1.68,52.2,84
31.8,98.3,6.4,39.1,67.1,56.8,24.5,0.55,44.9,75
17.8,54.1,0.8,18.0,30.9,43.3,49.0,0.65,38.5,64
26.4,35.3,3.6,35.7,60.5,33.4,27.3,0.98,72.5,71
40.9,62.3,7.4,14.9,23.0,23.8,11.2,0.19,57.0,67
19.2,58.0,15.9,72.4,168.8,69.8,10.7,2.09,32.9,167
26.0,35.2,11.1,5.2,6.2,28.2,16.8,2.48,29.7,126
17.5,98.3,13.7,64.8,118.8,27.2,30.3,1.57,39.5,116
12.5,63.9,9.0,108.9,190.5,35.9,27.1,0.93,26.3,184
55.2,47.4,5.7,31.5,47.0,28.9,8.0,1.91,58.9,99
37.7,72.2,11.4,113.3,262.6,43.3,18.2,0.73,39.8,270
42.3,39.6,7.6,55.9,80.9,0,23.7,1.49,36.2,96
23.0,30.3,12.3,38.6,66.5,8.8,31.8,1.0,51.3,62
28.3,57.3,13.7,73.4,170.2,20.0,11.9,0.92,72.7,170
47.4,51.2,11.8,29.6,54.3,34.6,24.9,1.73,59.0,90
24.3,64.7,4.6,0,0.0,53.4,0.0,0.56,49.2,70
37.9,54.9,2.0,36.9,47.1,9.6,9.0,1.28,41.9,66
24.0,70.6,16.2,36.1,48.9,16.9,20.8,0.62,24.7,56
13.4,72.9,-1.6,45.4,66.5,26.9,7.8,0.05,50.3,74
33.3,60.1,8.1,0,0.0,48.6,21.2,1.25,43.3,74
40.1,32.0,8.0,55.3,126.2,22.1,1.8,2.16,48.3,135
25.9,51.0,17.0,56.6,76.4,26.0,24.9,1.63,40.1,101
23.6,46.8,7.4,28.1,51.6,62.0,4.2,1.7,50.4,85
25.8,63.8,2.9,47.6,91.2,62.8,13.7,1.05,70.6,96
35.3,45.7,13.3,8.3,11.5,42.0,21.2,2.15,31.8,114
8.6,63.8,13.7,87.6,205.8,51.0,3.4,1.62,53.8,215
43.0,18.9,13.8,0,0.0,28.5,6.0,2.31,40.1,121
11.2,56.3,18.7,89.2,206.7,55.5,18.2,2.45,23.2,208
27.0,46.2,13.2,45.5,74.1,64.4,0,0.79,64.6,69
41.6,13.9,7.3,98.7,141.4,65.2,22.6,0.85,63.2,168
23.8,42.8,5.3,23.7,40.3,16.4,11.5,0.99,41.1,55
19.4,53.7,1.9,36.1,46.6,13.3,10.4,0.39,28.3,69
23.4,43.4,8.1,73.2,126.2,27.0,20.0,0,58.8,121
5.6,47.3,7.2,45.1,70.9,29.8,3.1,1.45,23.4,70
18.5,64.9,-0.6,64.1,143.3,34.1,18.7,0,37.2,139
40.9,60.2,2.5,54.0,66.5,43.2,15.4,1.91,53.9,94
12.9,74.4,12.6,92.1,169.7,31.1,29.6,2.33,37.3,170
20.3,48.9,11.4,79.1,100.0,23.7,15.1,2.55,14.2,134
10.3,8.4,-0.1,0.3,0.6,5.8,4.6,0,34.3,24
18.7,59.1,4.3,48.3,98.1,45.0,16.2,0.03,30.9,95
32.3,67.7,9.4,74.9,142.5,39.4,20.5,0.57,24.1,147
29.0,40.0,8.6,52.1,123.8,50.1,1.7,0.38,60.4,117
24.2,61.5,5.0,90.1,208.0,50.0,12.0,0.98,23.3,205
20.7,64.1,15.3,71.9,149.8,33.3,10.0,1.27,32.7,150
23.3,56.8,4.9,72.8,89.9,23.3,10.8,0.75,42.8,119
29.7,44.3,17.5,3.8,8.6,53.0,14.9,1.33,63.4,67
34.3,60.0,4.9,7.2,14.8,31.3,0,1.05,50.0,54
29.2,47.5,4.4,56.6,124.4,60.4,21.8,1.95,44.5,122
35.9,13.1,10.9,41.5,66.6,7.8,0,0,62.3,76
32.0,53.5,8.3,54.8,108.5,0,35.8,2.58,48.8,125
16.3,68.4,5.4,49.9,115.1,34.1,10.8,2.1,33.0,119
11.2,30.1,13.2,62.7,141.0,26.6,3.8,0.78,13.3,144
22.7,98.8,11.0,43.1,101.1,30.9,26.2,0.4,32.0,111
28.5,65.7,13.1,54.7,128.2,12.6,12.6,0.39,80.7,129
38.7,76.4,1.6,58.1,121.9,15.9,5.8,1.09,43.0,123
40.1,50.9,16.2,5.7,10.0,34.1,14.8,0.28,46.6,43
25.0,70.1,10.9,62.7,119.0,31.0,8.6,1.19,59.4,117
-2.1,43.9,9.4,60.0,89.7,37.8,15.7,1.12,17.2,99
37.5,55.9,9.2,31.9,74.2,0,16.2,0.2,41.2,71
27.3,105.1,13.8,0,0.0,35.2,27.6,1.51,51.7,76
17.1,53.5,12.5,43.9,96.2,2.2,4.0,1.15,56.6,91
28.3,98.8,-1.7,46.3,92.3,56.2,13.5,0,46.9,96
21.9,50.1,10.9,55.1,66.3,4.4,19.1,0.85,51.5,90
10.0,30.8,12.2,87.0,175.0,13.8,2.7,0,18.2,178
11.9,25.0,10.9,29.3,41.5,18.2,30.5,0.4,30.7,54
35.8,45.1,-1.4,14.7,19.2,29.9,25.3,1.21,42.9,64
46.5,87.8,13.4,17.2,41.9,59.9,15.0,0.97,57.5,75
13.7,34.2,0.9,63.0,127.5,54.1,10.6,1.02,29.1,131
15.5,25.4,6.3,82.4,129.7,64.5,8.8,0.16,32.6,136
33.1,80.0,9.1,0,0.0,24.5,5.0,0.78,52.0,56
25.6,32.0,10.2,21.1,40.4,49.3,10.3,0.87,35.6,68
22.7,60.8,12.9,9.6,12.7,22.0,37.1,0.91,34.1,47
30.8,39.6,8.8,8.5,13.3,58.4,0,1.04,64.4,65
40.1,18.9,9.5,54.9,122.2,17.9,0,1.95,22.3,122
23.3,76.5,-5.8,0.6,1.2,44.8,25.0,0.43,57.3,52
22.0,54.4,12.9,31.8,47.8,5.4,15.5,0.76,40.2,45
28.7,41.7,5.2,0,0.0,24.5,15.1,0,44.1,51
10.1,37.3,12.2,0,0.0,38.6,11.7,0.62,0,51
16.9,86.1,4.2,7.7,17.8,42.4,7.4,0.48,60.3,61
4.7,67.3,10.4,2.4,5.9,0,14.8,0.15,49.7,54
32.5,44.5,6.3,0,0.0,34.8,7.0,0.68,52.2,46
22.5,63.2,7.1,102.5,205.6,49.3,16.3,2.76,51.6,210
24.8,75.4,19.0,48.8,115.6,24.8,9.7,0.31,47.3,110
17.5,46.5,11.7,54.7,93.0,19.0,7.7,1.06,21.1,90
33.4,59.2,17.3,37.1,57.8,2.1,8.9,0.99,41.9,57
17.7,73.5,7.7,63.3,104.9,3.9,5.9,0.16,28.4,98
14.7,27.9,2.5,0,0.0,22.2,25.1,0,25.7,35
29.5,59.8,6.9,73.7,181.6,48.4,0,0.66,50.3,178
30.2,39.5,12.9,0,0.0,68.5,32.0,2.32,75.3,121
12.6,111.9,8.4,67.8,151.1,12.0,27.4,1.09,14.8,153
18.8,36.6,15.2,0,0.0,30.5,17.2,1.77,26.6,91
21.4,94.4,13.6,73.5,127.2,20.9,30.4,2.49,34.9,133
42.1,84.0,13.6,74.8,155.0,27.9,0,0,63.1,158
33.5,78.8,13.4,0,0.0,56.9,7.6,1.63,74.9,78
37.3,77.8,-3.3,34.4,57.2,19.6,18.9,2.12,68.9,99
29.1,43.0,4.8,98.5,149.4,34.7,24.1,1.73,67.8,168
26.9,73.4,13.0,28.6,39.8,31.2,14.6,1.28,36.9,67
30.5,73.4,16.5,51.5,114.8,30.6,15.7,1.71,47.5,116
24.4,35.6,9.8,8.1,17.9,20.4,14.6,0,41.3,50
29.7,76.3,5.5,0,0.0,43.4,5.0,1.11,38.0,50
28.3,55.8,16.0,63.1,81.2,25.6,29.0,0.32,40.2,111
24.6,33.9,12.0,78.7,181.7,48.2,5.0,0,40.4,178
18.1,64.3,7.1,77.3,134.5,47.4,20.9,0.61,26.6,141
43.5,94.5,13.9,63.2,136.6,35.0,19.8,0.06,35.3,133
22.5,69.0,5.5,86.3,187.8,51.6,3.2,2.06,37.3,184
35.5,66.8,17.1,47.1,108.3,39.4,3.6,2.0,23.5,104
40.3,15.2,12.9,0,0.0,75.4,18.8,1.3,39.7,98
39.1,53.4,14.2,104.1,201.6,31.5,10.5,1.26,47.0,201
24.8,46.1,6.0,59.4,99.9,23.9,0,0.69,39.8,103
26.9,37.9,5.0,39.0,71.4,59.2,7.5,1.23,43.7,72
17.6,67.0,7.5,18.4,38.1,49.2,17.8,0.92,37.7,60
31.5,70.0,12.9,45.8,99.4,32.2,19.4,1.7,40.7,94
34.1,28.6,18.9,62.4,78.3,74.8,17.6,1.68,32.1,97
18.0,51.4,11.2,71.0,159.2,32.3,1.1,0,44.6,158
29.2,47.6,4.8,27.7,47.6,23.3,23.5,0.76,52.5,50
24.7,16.6,9.3,10.4,23.5,56.2,17.9,0.46,48.4,73
11.5,39.7,8.3,28.3,62.4,0,15.6,1.05,19.4,68
19.1,41.5,4.7,73.7,102.8,8.8,24.8,1.36,35.6,127
36.2,68.2,8.0,80.2,102.2,33.9,11.5,2.03,25.9,129
17.1,35.3,11.5,57.9,103.3,0,20.3,0,31.2,108
27.1,65.8,18.5,82.8,136.3,24.7,3.4,1.28,53.5,133
29.1,48.4,9.6,27.8,48.2,41.7,7.9,1.92,49.8,89
29.1,63.6,8.2,26.5,56.8,5.9,0,1.5,34.9,73
22.3,29.2,20.6,26.0,51.4,11.1,23.0,0.74,22.1,58
30.8,32.5,13.9,0,0.0,1.6,12.6,0.33,52.0,50
29.8,70.8,21.8,21.8,30.1,31.2,32.1,1.72,65.6,91
35.6,24.3,14.4,44.0,96.7,43.2,22.1,1.79,71.9,98
7.0,70.9,14.6,8.7,13.1,46.0,7.3,1.23,33.3,56
16.6,56.3,12.0,13.8,31.5,0,32.9,1.89,36.7,93
34.6,8.7,7.8,59.9,82.6,0,15.0,2.15,60.7,103
40.5,83.2,12.4,30.7,67.2,23.8,36.5,1.52,63.1,79
22.7,42.3,11.4,52.5,97.4,31.1,17.9,3.57,38.8,179
42.3,43.9,4.8,3.4,4.7,21.4,33.3,0.85,43.4,42
14.5,68.1,10.1,46.5,88.9,67.9,13.3,0.03,46.7,92
24.0,65.9,2.2,77.8,139.6,63.3,28.9,0.88,40.4,136
24.3,73.1,14.2,30.8,53.7,20.2,12.8,0.71,47.7,53
13.3,56.1,16.3,40.3,68.8,2.1,17.7,1.61,35.3,89
26.8,41.8,16.7,4.3,9.3,5.2,13.5,1.21,17.0,58
32.9,91.0,2.5,67.2,135.7,32.7,11.7,1.14,30.1,135
27.9,61.8,11.4,79.7,198.0,20.2,7.6,0.84,44.1,195
14.2,87.3,13.0,30.8,42.0,1.6,30.5,0.93,5.3,41
42.6,36.5,10.1,74.5,167.0,18.9,14.4,0.68,29.0,161
16.6,55.0,16.4,64.1,102.4,13.2,8.7,0.72,25.3,117
30.3,17.4,24.2,18.5,45.0,85.3,27.7,1.52,27.5,113
14.4,15.4,14.3,68.0,150.7,37.3,15.8,1.14,23.1,146
33.7,36.2,5.4,72.0,157.8,23.9,4.0,0.56,29.4,162
25.0,69.8,9.5,14.1,24.0,15.6,12.1,0.94,58.8,63
24.8,80.1,7.1,94.6,169.1,57.3,23.7,0.48,61.7,173
30.0,45.5,8.9,53.6,102.1,60.3,2.7,0.56,11.6,96
11.5,49.8,9.9,50.0,111.4,40.4,27.5,1.17,17.3,118
12.0,51.2,13.7,56.7,141.7,25.3,3.0,1.18,8.3,154
37.0,46.3,5.7,34.7,81.2,13.4,17.7,0,64.7,93
5.0,78.1,12.4,54.7,76.5,39.0,22.6,0.81,19.1,101
17.3,68.6,6.9,25.2,34.3,11.0,11.0,1.93,29.5,97
30.4,55.8,5.7,8.1,16.1,44.1,4.2,1.09,42.0,62
29.0,34.3,6.6,46.9,95.1,9.4,1.0,1.01,35.2,107
7.0,63.9,8.3,25.5,33.0,50.0,19.0,0.46,34.5,59
19.6,53.6,2.0,102.1,139.8,0,6.2,1.75,32.7,175
24.2,75.0,13.4,62.5,106.2,18.7,10.0,1.31,35.5,103
36.6,47.0,17.8,4.4,8.1,30.3,14.2,1.16,65.1,63
31.8,57.1,9.0,54.6,100.7,51.5,5.2,0.02,49.3,104
16.3,83.8,4.6,57.0,98.0,11.0,9.1,0.78,32.6,97
8.0,59.1,7.2,136.8,285.2,69.9,33.5,0,50.5,279
45.0,60.4,6.7,13.5,17.0,28.7,20.9,1.55,36.2,78
15.5,45.1,6.8,82.1,115.9,62.7,14.0,0.78,50.7,140
14.1,55.7,5.9,59.7,124.0,12.4,28.1,0.87,44.0,116
24.1,55.7,-2.9,65.1,144.3,34.3,2.0,0.81,22.5,148
37.4,32.0,3.4,71.8,89.1,54.2,19.6,0.88,61.6,120
33.9,84.9,2.7,83.3,199.6,52.8,3.3,1.4,50.1,201
33.6,47.2,4.8,39.8,95.0,41.4,9.9,1.63,50.1,87
15.4,35.9,7.5,30.9,47.0,16.7,12.5,1.66,35.6,82
31.6,55.1,5.8,7.5,16.7,67.9,14.3,1.4,39.3,80
43.3,55.4,18.7,26.5,41.8,22.6,30.4,0.51,65.0,65
36.4,67.4,15.9,87.8,121.0,17.4,5.1,0.29,49.3,154
11.0,54.5,14.9,53.5,114.1,57.7,25.1,2.01,36.1,119
20.6,97.7,5.9,36.8,90.2,31.9,8.8,2.04,45.7,101
13.9,48.9,8.0,0,0.0,48.8,33.4,1.81,67.1,95
24.8,13.0,10.3,104.0,243.3,19.2,27.9,1.06,75.9,252
18.5,118.7,4.4,52.1,126.2,43.3,6.0,1.14,46.1,129
34.4,59.4,13.2,40.8,79.1,0,15.3,0.5,67.0,71
30.6,38.7,16.4,62.7,90.3,41.2,21.8,1.01,57.0,105
41.7,76.3,8.8,50.1,102.7,27.0,13.7,0.73,60.3,106
15.2,73.2,16.2,17.9,28.7,63.0,30.0,0.69,57.5,79
30.3,79.0,16.8,22.9,43.8,17.2,2.8,1.18,39.7,56
25.3,93.5,11.4,44.1,78.6,27.7,11.1,0.74,40.5,73
21.5,49.8,8.7,28.4,38.4,51.4,18.7,2.02,55.8,104
29.0,39.5,4.5,42.9,54.7,0,19.2,0.87,29.6,75
9.9,54.6,9.3,40.2,100.2,36.0,18.5,0.88,38.4,100
10.6,78.6,11.4,0,0.0,0,30.1,0,55.7,60
19.6,47.9,3.3,5.6,9.2,22.9,20.4,1.89,16.0,93
25.1,61.6,14.2,48.8,101.4,6.3,11.6,1.27,32.4,99
31.6,89.7,6.9,95.9,167.4,53.7,17.1,0,55.9,168
27.1,63.1,3.6,23.8,30.1,28.8,4.9,1.06,54.0,55
22.4,43.5,9.9,63.3,102.2,0.3,2.8,0.31,35.8,109
34.1,83.0,10.8,76.2,97.4,69.0,8.5,1.95,36.0,122
30.2,106.9,7.9,32.4,52.4,0,10.1,1.23,27.1,67
5.8,66.4,7.5,94.2,211.7,52.1,8.4,2.0,29.1,214
30.6,68.3,16.9,96.6,127.5,11.8,14.0,0.49,42.7,168
8.8,35.5,13.2,87.5,187.4,8.7,10.9,1.49,24.5,188
24.5,107.2,5.1,146.4,266.8,82.9,15.6,2.09,51.7,277
8.6,48.9,5.5,72.3,120.5,28.3,27.0,0.64,34.4,126
23.7,83.7,0.6,35.1,67.8,45.0,16.0,1.44,39.5,84
15.9,50.1,12.6,65.7,111.3,41.8,4.8,0.31,19.1,111
43.5,88.0,8.5,35.2,78.6,30.7,22.8,2.12,18.4,107
11.2,52.5,11.2,47.7,109.8,58.0,10.0,1.07,20.2,112
18.9,59.3,9.3,18.2,36.5,29.3,8.1,0.04,22.2,37
37.7,61.1,16.1,46.9,73.0,33.7,14.7,1.46,28.1,82
4.4,67.0,11.4,59.3,111.8,40.5,18.1,0.42,20.7,115
14.3,74.4,13.6,46.8,97.7,46.8,3.1,1.85,17.4,102
30.4,53.6,9.4,64.4,119.0,30.7,0,1.57,18.1,115
35.1,73.8,13.3,53.6,124.7,47.3,7.6,1.3,49.3,134
15.3,55.2,9.5,69.8,171.0,22.5,0.7,0.31,34.2,166
30.3,65.5,10.6,104.6,178.5,44.3,9.6,1.02,36.9,187
23.8,5.9,9.9,66.6,152.4,37.1,5.8,2.15,56.4,151
25.4,55.1,7.7,140.1,257.5,0.6,33.7,0,52.1,256
21.4,33.7,3.9,41.9,58.7,21.9,11.6,0,39.9,66
25.8,61.3,8.3,74.6,115.6,38.7,19.8,0.03,48.9,123
26.3,54.6,11.8,23.4,39.7,19.8,12.4,1.77,70.9,94
47.9,29.0,7.3,34.2,57.9,40.9,21.5,0.71,54.2,53
29.2,52.0,10.2,45.1,90.7,45.0,9.5,0.71,54.6,93
33.5,54.3,3.4,12.0,19.6,11.3,30.8,2.37,15.4,122
31.6,72.7,8.9,19.6,48.3,77.5,11.0,2.19,26.2,110
25.5,79.4,12.0,22.5,30.3,5.3,9.8,0,36.3,26
17.3,29.5,11.9,16.9,35.5,36.3,22.5,0,23.8,49
20.0,48.9,5.7,7.0,15.6,84.7,28.7,0.2,42.0,95
24.1,51.0,4.2,55.3,130.7,11.7,1.1,0.74,64.1,135
19.9,44.3,9.1,37.1,92.0,21.1,5.9,1.04,1.0,91
25.6,58.7,16.0,4.5,8.7,26.9,5.6,1.27,45.6,57
15.8,59.9,12.3,48.0,83.5,39.6,13.8,1.41,34.9,81
35.2,66.1,15.5,13.6,28.7,33.2,11.5,1.61,50.3,78
33.4,36.5,8.7,26.8,66.5,30.5,21.2,1.55,63.0,81
23.1,49.4,11.8,23.7,29.4,13.6,10.0,0.65,29.1,37
23.1,47.0,10.1,0,0.0,62.5,27.1,1.27,53.8,74
27.1,75.9,5.3,26.6,53.0,9.3,7.1,0.62,55.3,50
31.1,31.2,8.0,81.8,107.2,36.7,18.7,0.83,54.5,134
13.8,50.5,11.3,30.1,61.0,38.6,10.0,0,56.0,61
19.5,60.7,7.8,78.4,99.6,28.2,16.1,1.96,60.6,136
22.3,29.6,10.2,0,0.0,49.4,17.2,1.1,42.0,58
23.1,84.5,12.7,79.4,172.0,32.5,2.4,1.3,46.4,173
6.6,35.1,16.9,84.7,161.9,38.2,19.6,0.98,45.4,155
13.7,132.9,5.6,72.4,163.8,0,26.9,1.09,26.0,166
12.6,41.4,16.4,28.0,38.6,21.1,16.8,1.52,49.3,78
22.6,84.4,6.5,95.5,150.5,25.7,34.6,2.2,39.2,170
39.4,70.0,-0.9,114.7,156.5,28.1,20.1,0.55,43.0,182
26.1,30.0,3.5,46.9,72.6,11.2,20.6,0,20.0,83
31.6,51.7,21.6,0,0.0,65.9,32.2,1.02,43.2,74
10.7,67.6,8.9,57.5,109.0,34.3,25.4,1.15,46.9,111
17.0,37.2,7.0,16.5,34.5,31.7,19.4,1.11,42.0,50
39.0,87.8,9.8,53.0,129.7,39.0,29.6,1.78,65.5,136
44.5,55.6,17.2,42.4,100.8,49.3,20.1,1.69,44.3,108
26.5,89.1,9.9,51.5,93.7,39.6,20.3,0.95,41.4,91
7.6,80.9,9.6,59.1,100.4,35.7,14.4,0.63,21.8,110
36.2,86.2,10.1,36.2,90.1,45.3,24.6,2.16,49.3,100
30.9,52.1,7.9,7.6,17.6,46.0,18.9,1.19,45.7,53
5.8,94.2,8.9,69.5,108.5,51.9,21.4,0.11,20.9,117
9.9,76.9,4.0,41.8,77.9,52.9,14.9,0.33,65.1,81
36.2,53.4,14.5,66.4,131.0,0,10.1,2.86,45.2,150
39.6,42.7,8.0,23.7,57.9,0,15.2,0.85,60.5,62
28.4,61.7,11.5,12.0,24.3,9.3,14.9,0.9,38.3,38
21.8,57.0,14.2,24.1,54.3,29.0,5.3,0.82,22.0,47
23.4,53.3,7.4,0.9,2.1,37.9,16.5,0.19,48.3,45
19.6,58.3,1.8,85.2,179.9,51.4,27.7,2.7,13.8,179
23.9,48.1,16.1,79.0,122.4,56.0,3.8,2.43,46.9,131
28.6,53.9,3.6,78.2,130.5,40.3,2.1,1.0,36.5,133
35.4,75.7,9.4,29.2,54.3,68.4,20.4,1.03,64.6,83
28.8,95.8,5.9,0,0.0,15.6,7.3,1.34,23.7,71
24.5,68.0,5.9,76.0,180.4,45.5,31.3,2.97,37.9,186
29.7,52.2,19.5,22.9,27.8,52.4,18.9,1.98,37.9,106
12.0,66.0,1.4,54.7,79.5,57.4,5.1,1.0,37.7,88
28.9,38.2,17.9,91.5,110.0,0,4.3,0,43.4,150
17.8,57.3,8.2,47.9,119.5,27.9,10.7,2.5,23.7,117
23.1,22.3,19.7,46.2,63.4,34.6,16.7,0.71,26.9,75
32.2,56.7,9.7,72.5,162.5,20.1,0,0.74,57.0,166
28.0,65.0,3.5,61.3,110.7,39.9,4.7,1.55,54.0,110
22.2,74.7,12.1,60.9,127.4,44.3,1.3,2.47,48.2,126
28.9,60.2,14.7,0,0.0,27.5,17.5,0.99,30.9,53
24.9,44.8,1.2,61.1,84.5,67.6,16.4,1.42,41.6,104
16.4,40.3,4.7,25.5,57.6,22.3,18.6,1.04,51.5,54
40.0,91.4,12.1,28.6,35.9,18.2,16.5,0,37.5,47
26.5,55.0,7.2,51.6,80.8,42.6,17.0,0.86,35.0,84
22.1,79.8,8.3,48.5,75.8,38.7,20.1,1.73,28.9,80
11.8,76.8,-4.5,63.2,120.6,11.5,0,1.17,21.0,121
28.7,75.9,12.1,111.7,247.2,87.6,26.1,0,39.7,261
24.9,83.7,14.3,43.9,104.9,66.6,46.5,1.92,48.0,114
27.7,42.1,15.1,0,0.0,0,5.1,0.43,12.4,29
27.7,84.4,7.9,35.0,87.1,25.0,23.6,0.37,37.6,92
31.1,67.8,11.2,83.9,100.8,41.7,11.7,1.87,63.0,148
15.6,58.1,10.9,0,0.0,6.9,26.3,0,51.9,51
34.4,52.8,13.4,58.9,81.2,56.8,35.4,1.53,10.3,96
20.0,90.2,8.5,101.4,151.0,14.8,9.7,0.74,32.0,176
36.3,83.2,21.6,22.7,38.9,81.8,14.1,2.06,52.2,115
12.5,64.7,16.3,60.0,130.1,25.7,17.1,3.27,51.7,172
38.3,76.6,3.3,5.7,10.1,28.6,22.5,1.56,53.9,78
25.3,35.5,15.3,100.6,185.2,22.0,5.9,1.69,56.4,189
34.5,38.1,8.9,26.7,34.6,39.5,8.1,0.18,80.8,84
27.7,37.0,15.7,0,0.0,17.5,3.5,0.39,40.1,40
30.6,55.8,12.2,33.8,45.0,33.6,21.2,0.58,22.6,56
17.2,57.1,13.6,81.8,187.5,38.0,20.4,1.62,27.3,189
17.9,37.0,10.4,48.7,69.3,27.9,19.0,1.38,28.2,77
32.0,55.4,8.1,28.5,67.1,26.5,7.6,1.64,44.6,87
26.2,75.6,17.7,65.2,134.8,45.8,19.7,0,32.8,129
18.2,80.0,2.2,22.5,52.3,42.1,0,1.26,33.1,63
38.0,41.8,-0.7,47.9,107.3,17.8,2.5,1.98,66.3,114
50.5,95.8,8.4,77.0,191.4,45.0,0,2.09,35.4,185
23.9,103.9,11.6,49.2,83.9,15.8,20.3,0.85,58.3,90
12.5,42.6,5.8,18.5,25.7,40.0,0.7,0.29,67.9,64
20.7,56.5,8.6,83.2,137.0,13.3,20.2,0,42.2,143
26.9,76.9,15.4,44.8,105.5,24.7,11.4,1.51,42.5,94
26.6,57.6,11.7,22.4,35.0,0,15.8,2.32,60.8,125
45.2,25.0,13.3,34.6,70.5,50.6,17.6,1.51,63.7,68
26.2,19.9,12.6,5.1,7.2,21.1,26.0,2.03,65.1,102
23.3,73.3,18.9,57.0,102.3,17.1,28.6,0.38,37.5,112
10.8,59.1,10.9,51.6,86.9,19.6,11.5,1.73,20.9,85
29.8,86.2,4.9,45.6,77.6,14.8,21.8,1.89,73.8,92
16.0,35.9,9.4,73.1,89.6,36.5,0,2.76,39.8,134
14.2,75.2,10.2,58.6,144.1,13.9,8.4,0.34,27.2,147
24.9,82.4,5.9,3.3,5.7,49.2,22.2,0.19,17.8,56
35.3,47.0,7.3,54.2,134.7,34.6,2.4,0,46.0,143
31.6,49.5,15.0,83.7,198.4,42.3,0,0.05,32.8,195
10.5,21.3,-4.3,44.6,76.0,50.8,30.3,1.28,26.5,75
24.0,46.0,1.4,37.1,88.3,18.8,4.5,1.87,18.2,96
20.6,68.6,11.5,45.0,98.6,66.3,21.2,2.1,37.0,107
14.9,86.1,6.9,103.2,168.4,28.9,23.3,1.54,23.8,176
15.1,67.2,9.3,75.9,176.7,14.9,8.8,1.46,65.3,180
29.3,70.2,4.5,72.8,173.2,13.2,17.3,0.7,19.2,166
26.1,72.6,16.4,70.3,154.0,30.5,23.3,2.19,17.6,155
36.7,74.5,6.6,28.9,71.0,25.9,16.9,1.24,62.1,75
25.8,66.5,7.2,31.0,47.2,4.8,11.8,0.31,53.1,57
19.9,53.6,11.9,22.2,35.0,26.3,1.7,0.12,66.7,71
24.7,75.4,7.3,79.0,189.0,75.1,9.1,1.33,41.2,186
23.7,33.4,12.3,65.6,134.1,69.8,19.8,0.96,60.4,150
34.7,44.7,3.8,92.6,161.3,33.8,5.8,1.69,38.8,162
20.2,33.4,7.7,84.8,174.7,26.6,28.5,1.98,61.6,181
34.8,67.3,11.7,63.3,92.4,38.2,14.0,1.97,54.4,113
24.2,65.4,6.6,50.3,121.3,29.3,15.6,0.18,13.3,125
12.2,65.1,11.8,0,0.0,27.6,14.7,1.58,48.6,79
20.5,62.0,10.6,54.7,86.2,35.5,6.8,0.97,33.6,91
21.9,77.6,4.1,67.0,118.5,46.5,0.2,0,64.0,124
29.1,78.5,13.9,43.2,73.4,51.2,0.5,0.15,23.0,79
35.1,104.6,14.3,70.5,138.8,47.5,19.9,0,53.7,143
23.5,63.8,6.2,0,0.0,60.7,31.5,1.62,51.8,85
27.2,47.7,17.2,18.5,36.1,0,0,0.12,37.0,33
9.6,55.5,16.1,67.9,103.5,13.0,27.4,0,53.8,99
14.4,87.0,12.4,83.4,192.4,62.4,17.7,0.77,26.1,193
28.2,58.8,11.2,88.6,152.8,32.1,26.0,1.28,28.6,156
16.5,77.2,14.0,40.5,70.3,22.4,14.8,0.99,55.4,74
18.8,48.4,6.6,45.3,93.9,48.1,12.1,1.54,42.9,88
28.6,43.5,6.1,19.4,26.2,3.5,15.4,0.43,29.0,40
33.1,56.3,2.3,43.7,55.0,35.7,19.7,0.74,23.1,78
33.6,77.6,20.7,19.3,42.7,43.8,14.0,0.63,17.3,61
32.0,37.3,10.8,9.6,19.7,40.4,13.5,0.02,46.1,62
32.0,72.2,5.1,0,0.0,27.6,0.7,0.39,56.3,60
8.3,35.5,5.1,43.8,108.4,59.3,6.5,0.7,72.3,114
23.0,73.8,13.8,32.4,51.5,0,9.0,0,33.2,43
20.5,50.1,7.1,29.0,47.8,3.6,0,0,9.6,41
24.6,55.6,12.2,24.5,47.5,48.3,9.8,0.28,41.9,51
20.7,97.8,12.2,19.4,23.9,48.2,26.8,1.41,64.1,73
32.0,59.9,19.6,33.0,72.0,14.4,33.0,1.3,70.1,78
23.7,20.1,9.7,0.7,1.1,37.7,0,0.72,63.4,68
20.6,112.6,6.3,44.8,54.5,53.4,14.9,2.11,46.1,96
35.6,21.4,8.0,0,0.0,4.0,11.1,1.34,9.6,66
31.0,54.7,7.1,64.0,108.2,51.3,3.5,1.44,59.1,113
24.7,77.9,9.3,34.1,47.7,27.2,17.9,2.01,33.8,97
15.1,43.1,7.9,50.2,74.6,12.9,16.5,1.28,22.0,84
20.7,58.0,10.6,66.7,108.9,21.0,20.4,1.02,21.9,121
24.6,62.6,9.9,31.7,75.3,11.0,4.5,0.27,64.3,73
15.4,100.2,14.6,42.7,81.2,21.0,36.5,1.34,24.6,83
14.7,101.1,12.9,66.5,161.8,52.5,27.4,2.74,35.6,162
38.7,71.9,11.5,0,0.0,49.7,22.5,0.36,10.1,63
10.8,90.8,6.9,73.6,120.1,48.2,17.8,1.14,40.6,117
18.6,53.5,9.7,75.5,152.5,26.6,15.8,0.54,22.9,148
14.2,61.0,3.4,47.0,113.0,22.6,28.8,1.87,35.1,115
26.0,38.6,4.2,72.6,131.9,19.4,13.9,0,60.0,120
17.8,78.6,15.9,93.6,201.0,11.7,0,2.4,20.9,199
25.7,61.4,4.9,28.6,69.5,18.8,30.6,1.6,35.0,74
32.5,48.2,9.8,55.1,80.1,67.3,22.5,2.3,63.8,107
54.3,33.5,3.9,53.9,85.0,38.3,16.9,0.86,40.0,89
29.6,54.9,8.1,0,0.0,0.7,1.8,1.34,38.0,73
16.3,52.4,7.9,75.6,91.1,30.3,22.1,0.95,22.1,127
20.5,55.6,-0.2,23.7,37.9,34.4,9.1,0.84,17.7,37
28.5,51.5,6.2,41.6,97.8,37.0,16.8,1.95,46.3,104
27.6,37.9,13.7,72.3,137.9,15.9,26.3,0.99,46.0,133
27.9,93.9,9.6,29.3,52.8,9.9,14.3,0,43.6,58
10.2,50.9,8.0,13.7,19.6,28.1,28.9,0.63,59.1,57
15.6,62.0,11.1,80.9,103.6,26.0,17.2,1.47,69.4,131
33.6,54.1,10.4,72.0,152.2,27.8,0,0.8,52.8,149
19.1,56.6,7.3,24.2,49.5,42.3,4.6,0,62.5,58
24.0,75.6,5.7,11.7,21.6,33.1,18.9,1.37,61.1,72
26.5,72.5,4.8,88.4,119.7,34.5,33.1,0.83,26.4,144
25.9,80.0,18.0,55.8,108.6,30.8,22.5,1.96,61.9,110
32.3,65.3,15.4,113.8,225.2,26.4,14.2,0.78,24.4,225
29.1,0.4,14.9,44.9,102.4,20.9,0.7,0.16,48.6,100
20.8,46.8,9.3,17.6,31.5,17.8,11.1,0.71,45.1,48
43.9,39.1,9.9,50.9,92.5,37.3,12.9,0.85,55.7,87
33.5,75.4,14.6,77.6,176.5,57.6,4.6,0.42,32.0,176
27.2,45.8,9.3,61.6,104.4,0,1.1,0.3,45.3,97
29.4,66.2,6.4,53.2,123.2,21.5,35.0,0.57,50.0,121
7.9,51.2,8.8,89.5,187.5,31.3,11.2,1.69,46.2,193
24.6,99.3,5.8,70.2,109.4,15.8,0,0,55.9,112
26.1,45.6,8.7,35.2,74.4,47.2,13.2,0,29.6,67
10.4,70.2,11.8,65.9,113.3,16.7,25.7,0.59,13.0,120
46.9,68.7,10.1,90.5,159.9,66.1,21.5,1.22,57.1,161
3.4,98.3,5.4,33.1,70.3,0,1.1,1.49,12.3,71
27.5,40.1,2.5,45.0,89.1,35.1,7.8,0.94,45.7,90
25.0,60.5,19.3,127.4,282.1,17.9,23.0,0.17,33.2,282
21.2,73.8,12.2,80.7,133.3,0,22.8,0.85,32.9,132
36.8,48.8,9.6,75.5,101.1,45.0,18.7,2.36,39.6,136
19.5,70.1,4.0,25.2,48.8,0,17.1,0,55.9,55
12.1,66.5,12.4,49.6,63.9,0,0,0.74,26.3,78
47.8,57.2,9.9,57.7,76.2,16.9,6.4,0,84.8,101
15.8,62.7,13.1,31.4,76.2,12.1,0,0.47,37.9,75
4.8,63.6,13.2,46.2,64.8,57.8,32.6,2.12,22.4,99
12.2,37.7,8.6,41.0,74.9,13.1,7.0,2.7,33.1,139
16.5,104.3,8.9,52.4,102.1,43.9,31.9,1.48,19.7,103
15.0,59.7,8.8,30.4,75.1,22.9,4.5,0.95,35.4,77
37.8,47.4,16.1,39.1,59.0,55.2,1.4,1.2,37.2,73
28.8,90.1,3.2,98.8,154.4,34.5,19.8,0.49,39.4,168
29.7,61.9,15.3,32.4,79.2,37.6,25.7,2.17,52.7,114
44.5,58.9,2.1,45.6,101.4,22.1,27.2,0.27,46.0,101
21.7,68.9,4.8,28.9,47.3,14.1,6.8,1.79,51.4,88
30.0,61.3,18.6,0,0.0,4.3,8.4,1.64,68.3,77
36.8,27.4,10.6,62.8,98.7,17.5,11.2,0.67,61.9,112
17.6,84.1,1.2,30.8,39.8,37.6,21.1,0.73,50.2,51
39.3,57.1,15.4,62.3,122.3,15.6,25.1,0.82,51.0,123
22.9,30.8,17.2,20.5,26.8,34.7,19.0,2.51,53.5,125
24.3,32.8,15.1,59.3,83.1,37.8,3.3,0,38.0,102
22.0,87.4,16.5,91.3,113.0,9.5,0,0.59,56.2,158
23.0,57.0,15.4,89.3,127.7,24.1,3.5,0.35,28.8,144
10.9,55.8,8.3,72.8,138.4,37.3,4.8,0.59,44.1,138
25.1,75.5,1.1,35.8,43.3,48.7,36.4,0.09,40.6,61
17.5,67.0,10.1,52.0,87.6,8.2,21.8,0.62,44.2,87
15.1,48.7,12.7,23.8,52.2,36.9,30.3,0.22,32.6,48
24.2,23.7,1.6,74.5,107.1,23.0,28.8,0.53,34.0,122
20.5,66.3,10.2,29.4,39.2,27.2,13.1,2.26,38.7,109
31.8,78.9,7.6,73.7,165.0,52.3,14.9,1.18,32.9,172
4.5,92.5,13.0,82.5,119.6,39.8,25.0,0,35.9,135
25.9,45.0,10.7,11.5,24.8,51.7,17.3,1.13,24.9,70
23.7,52.8,6.1,28.8,36.1,55.3,26.2,0.63,41.4,76
31.6,99.7,12.3,37.9,51.0,18.1,8.4,1.32,56.3,72
37.0,65.8,10.1,55.2,109.1,7.8,12.0,1.25,52.1,111
8.0,28.6,17.0,36.4,46.5,10.9,2.7,1.11,26.5,62
53.1,68.1,1.8,63.7,92.4,9.8,11.5,0.3,77.8,114
14.3,62.0,7.9,93.0,134.6,37.2,23.5,0.93,25.2,160
5.7,52.9,9.4,60.0,92.6,43.9,14.7,1.02,23.4,96
25.8,63.6,15.4,4.4,6.6,24.7,0.6,0.23,39.3,33
23.2,33.9,7.8,24.0,32.2,55.7,11.3,0.96,45.7,67
29.7,50.4,7.7,47.5,92.2,45.1,2.5,0,41.1,92
34.5,54.0,8.8,65.0,119.5,24.2,18.1,0.79,48.9,118
3.0,43.2,5.9,60.2,127.7,37.0,8.0,1.3,32.9,124
47.7,68.8,9.4,43.3,62.6,5.7,7.5,0.9,47.2,70
24.9,39.3,15.6,66.4,110.6,1.4,18.8,1.36,36.4,113
34.2,53.9,12.5,77.0,127.6,29.8,2.7,3.27,40.6,168
25.9,38.9,9.0,2.7,5.2,37.7,31.6,1.55,37.8,83
22.4,34.3,14.8,79.6,149.0,27.1,23.5,0.97,37.9,152
26.3,56.7,13.3,3.4,5.3,5.9,10.8,1.41,39.2,75
27.2,72.3,13.7,28.6,64.6,22.8,23.5,1.44,64.8,68
22.1,25.0,14.4,87.4,183.3,0,4.9,0.44,33.9,183
12.0,66.0,10.8,51.4,116.3,11.7,0,1.81,43.3,114
17.2,37.8,18.6,42.0,71.2,28.0,17.7,0.56,36.5,68
24.9,90.8,12.5,26.4,52.1,43.5,7.9,0.98,38.7,59
27.8,66.1,8.6,44.8,77.0,50.3,21.0,1.06,36.1,81
34.6,31.0,10.6,54.7,118.0,56.1,15.1,1.31,49.5,114
28.8,56.0,7.5,19.7,32.5,18.5,27.1,1.67,46.4,91
23.9,81.6,9.7,57.0,129.1,34.8,18.0,1.74,43.4,119
27.5,64.3,20.8,20.8,48.5,31.4,13.5,0.87,36.9,47
25.7,66.3,16.0,55.7,85.6,53.3,0,1.14,57.5,99
38.1,63.0,9.2,40.3,57.3,22.5,32.2,0.81,45.7,67
23.9,47.8,12.6,69.7,161.8,6.5,35.0,1.19,35.5,159
4.9,97.3,13.5,68.0,158.2,17.4,13.7,0.11,32.4,159
24.1,60.4,16.1,29.0,40.7,47.3,9.7,1.61,34.3,78
36.7,56.8,12.7,6.1,14.3,58.4,3.3,2.0,51.9,99
30.6,83.4,5.6,78.9,193.3,40.3,4.3,0.27,46.9,197
40.2,103.5,13.8,39.4,75.1,32.9,20.3,0,43.2,78
18.5,53.2,4.1,113.9,281.2,79.6,29.2,2.47,50.6,279
2.2,42.8,13.2,59.7,139.9,25.1,0,1.6,20.5,135
30.7,98.8,5.7,78.8,174.4,23.5,20.0,1.32,47.0,168
23.6,85.7,10.4,73.6,154.0,10.6,26.8,0.07,44.4,148
15.4,32.5,17.0,21.7,31.5,30.6,31.7,1.27,49.5,64
10.9,77.1,18.4,42.5,54.6,82.3,2.1,1.62,22.6,100
34.9,60.4,15.1,91.8,155.5,38.5,9.7,2.02,46.5,149
4.8,53.6,11.4,9.6,17.2,32.7,12.4,1.97,31.9,92
34.9,37.5,7.9,37.1,58.5,25.3,8.2,1.41,55.3,65
12.8,72.9,15.7,58.9,81.6,40.6,5.4,0.93,29.2,100
1.8,56.4,7.5,19.4,27.8,41.3,1.7,0.32,35.8,57
25.0,90.7,17.4,19.9,42.5,37.0,18.4,0.28,46.9,42
23.5,66.1,4.2,78.9,133.8,23.9,17.5,0,21.6,131
36.8,92.6,13.4,94.5,165.0,17.5,30.9,0,55.4,167
28.6,68.2,16.7,44.6,103.2,52.2,14.0,0.98,52.5,101
15.4,48.0,8.3,52.0,102.9,30.8,27.6,0.25,24.6,104
22.2,77.4,15.8,104.8,216.7,39.0,19.4,0.43,45.3,216
19.6,66.2,6.8,13.5,28.3,0.9,5.1,1.39,54.6,59
14.0,74.1,12.3,28.8,37.1,44.3,3.7,1.45,34.8,75
22.3,44.9,4.0,40.8,85.9,22.7,11.9,0.86,20.2,92
24.1,42.5,-0.8,73.5,146.4,28.6,10.0,1.89,56.0,146
33.8,78.7,3.0,49.0,90.2,41.7,27.4,0.43,6.6,91
25.0,52.9,8.2,77.6,193.8,0.7,7.3,1.37,22.7,191
31.7,61.0,8.3,100.0,160.1,12.3,14.6,2.22,46.7,162
38.5,56.4,9.2,58.8,96.4,46.0,4.6,0,55.6,91
11.0,63.3,14.8,21.9,35.8,34.4,4.9,0.93,7.1,44
40.3,50.1,15.7,54.0,120.9,59.4,22.1,0.52,62.1,120
53.1,71.2,3.3,11.4,22.2,9.3,23.6,1.88,37.7,93
16.7,80.3,11.0,28.4,50.8,30.3,21.6,0.83,36.0,53
28.8,26.1,14.6,21.1,26.0,6.6,16.3,1.67,76.0,83
12.9,61.8,7.3,87.3,211.3,3.2,12.6,0.62,33.8,206
22.2,36.3,21.6,38.3,80.1,22.9,12.6,0.76,42.1,73
23.1,50.0,16.1,17.9,28.9,69.0,17.8,1.6,34.7,91
29.2,67.7,9.9,53.8,108.1,16.4,14.4,0.59,55.2,113
37.1,56.9,13.7,81.8,134.2,41.9,10.0,1.15,26.4,138
27.6,64.1,7.2,57.6,113.8,0,4.5,0.65,24.1,110
42.0,53.1,2.7,0,0.0,18.7,9.8,1.09,64.0,54
14.2,64.4,6.9,6.2,11.1,31.6,22.1,1.71,21.2,90
19.8,50.8,3.0,63.6,113.9,0,26.2,1.17,30.0,118
33.2,90.0,7.9,44.5,59.3,44.7,0,0.47,65.9,76
13.1,43.2,13.0,14.7,36.3,12.6,8.2,1.49,44.4,68
27.3,39.1,11.5,5.5,8.3,25.8,11.6,1.95,35.4,91
26.1,35.2,11.5,49.5,120.9,18.8,19.3,1.16,53.2,113
16.5,76.1,8.8,39.8,89.9,62.8,0.9,0.99,38.1,92
29.5,40.5,9.0,26.1,54.5,23.8,9.7,1.95,55.7,95
35.0,52.6,14.6,40.2,52.9,88.6,16.5,0.66,51.9,109
34.2,53.7,9.5,29.9,49.9,0,27.9,0,49.3,58
18.1,70.8,6.4,70.7,135.0,18.1,5.3,1.3,52.7,144
16.3,99.1,24.2,39.9,51.7,20.6,30.9,1.13,22.1,67
29.2,59.5,6.8,24.3,43.5,36.6,1.8,0.55,48.8,43
24.3,42.2,11.4,58.8,114.6,55.1,19.2,0.52,26.7,115
15.8,54.5,16.4,37.4,79.1,47.4,22.5,0.84,30.2,77
-3.5,94.6,9.1,42.5,100.3,31.8,24.6,1.48,26.3,88
37.5,73.4,11.3,24.2,30.7,10.7,29.4,0.06,52.2,44
28.1,15.3,16.1,42.4,52.9,14.2,29.7,0.38,41.3,64
35.5,68.5,10.8,56.8,141.4,40.1,2.0,0.92,53.8,132
24.3,58.1,12.6,33.9,41.3,68.8,19.7,1.32,35.0,84
7.8,71.9,9.5,96.2,176.0,42.2,0,0.81,39.2,183
43.4,73.3,14.8,98.7,148.9,28.6,1.7,1.42,57.7,172
16.9,83.7,10.1,36.8,52.2,16.4,20.0,0.97,13.4,57
23.0,53.8,4.5,85.6,104.0,62.0,24.8,0.61,24.9,131
23.8,54.7,16.2,21.7,53.1,0,24.3,1.45,31.4,72
29.5,48.7,5.9,54.0,116.4,0,9.4,0.72,32.8,123
30.4,82.8,5.6,3.7,4.4,37.7,17.7,0.47,48.7,48
31.4,68.7,10.3,89.2,203.9,19.0,28.6,0.65,43.7,201
28.3,51.7,4.0,0,0.0,71.7,10.6,0.8,33.3,78
29.8,30.9,1.3,40.3,95.7,50.8,16.1,0.3,48.0,97
26.7,40.6,9.1,52.7,128.8,28.0,25.7,0,45.1,126
21.0,48.9,10.1,47.2,96.1,16.1,28.5,0.34,45.1,97
18.2,53.4,-0.0,72.0,100.4,0.4,0,0.68,28.9,117
4.4,38.5,7.3,76.5,135.1,21.4,24.7,0,36.3,129
49.8,61.0,12.4,14.7,28.5,47.3,11.3,0.66,41.1,51
6.3,80.8,13.3,61.4,110.4,28.0,16.5,0,35.1,112
20.1,68.7,6.4,0,0.0,24.7,18.3,0.12,21.9,33
30.0,54.9,3.4,38.5,73.2,30.5,10.6,1.92,53.3,91
27.7,59.9,18.3,61.1,76.7,56.7,27.3,0.56,29.5,97
6.7,75.6,15.3,54.8,75.8,27.5,8.6,0.26,37.3,91
23.4,49.9,10.8,53.1,84.9,36.0,4.4,1.51,59.3,89
20.7,24.2,10.2,49.7,87.2,65.5,25.7,0,34.6,83
37.9,56.0,16.2,86.5,192.9,32.4,1.6,0.79,55.5,196
33.0,51.6,4.0,0,0.0,47.1,30.7,1.91,26.7,90
36.5,62.3,13.1,46.6,61.4,5.8,0,0,61.9,79
9.8,67.8,16.9,14.5,35.1,27.0,12.9,0.86,42.4,48
38.4,51.4,10.9,17.6,21.3,30.9,20.0,0.65,47.9,42
37.9,46.4,9.1,50.3,78.5,0.9,21.2,2.34,33.3,105
18.9,62.0,9.3,39.9,81.4,25.3,25.4,0.27,62.8,82
22.0,57.3,-1.4,75.8,138.7,61.4,30.8,2.13,37.4,132
21.9,71.8,8.0,26.5,58.6,25.8,19.0,0.88,10.8,56
30.0,37.4,11.0,54.9,132.1,22.9,5.5,1.22,60.7,138
6.6,19.8,10.8,53.5,112.4,40.1,17.0,1.53,20.0,115
33.1,80.6,5.5,63.9,127.4,2.4,27.8,2.86,50.4,141
32.2,41.9,16.7,38.9,89.1,24.1,30.9,0.95,34.9,86
36.6,80.8,5.8,76.5,92.3,51.0,17.8,0.97,23.1,129
37.0,65.2,1.1,59.4,134.8,15.8,17.2,0.88,47.7,133
0.7,71.3,13.1,39.9,72.7,23.0,9.7,2.17,46.0,102
35.9,63.4,11.4,0,0.0,34.8,5.7,0,52.7,54
22.1,74.1,7.2,82.2,127.4,34.3,26.8,0.67,48.3,128
43.0,80.1,9.8,41.1,99.7,10.9,0,1.59,60.7,96
18.5,71.6,15.7,89.5,131.2,42.8,22.3,0.93,52.2,153
37.2,50.2,13.3,38.1,82.7,32.9,24.2,0.87,71.1,82
28.6,47.0,14.8,26.9,57.1,28.3,9.6,0.11,38.8,64
32.4,14.1,14.3,0,0.0,47.2,8.0,2.5,61.7,122
49.3,72.4,12.5,36.7,85.9,7.9,1.1,0.85,44.0,99
19.9,57.3,6.9,74.7,152.2,28.1,18.5,1.4,32.1,159
20.3,44.4,12.4,26.5,52.2,15.9,8.7,0,28.1,54
36.9,86.0,11.8,71.8,131.4,63.7,11.9,1.71,52.6,128
26.6,88.0,6.4,36.7,84.1,82.5,9.8,0,49.6,106
33.4,64.5,12.7,63.2,90.9,25.1,14.0,0.7,59.3,101
33.9,68.8,13.6,73.8,136.4,20.2,21.8,1.7,46.4,137
23.0,5.6,6.2,79.0,143.4,18.1,38.3,2.04,39.1,147
35.3,78.0,7.0,33.9,80.4,0,23.1,1.78,42.2,94
30.9,41.7,11.4,48.2,98.0,17.7,11.5,1.59,40.7,104
26.8,31.9,12.5,70.8,102.8,42.5,9.4,1.99,74.1,114
21.4,68.7,12.9,24.4,41.1,26.0,24.1,2.61,36.4,138
33.4,1.2,15.4,40.7,91.6,14.4,25.3,0.84,53.3,90
21.4,55.6,11.5,78.2,182.1,37.4,14.7,2.3,34.4,186
30.4,77.8,7.3,7.5,16.4,19.2,19.2,1.39,31.2,74
43.1,69.8,12.2,25.9,49.9,25.5,15.5,1.62,51.7,90
19.8,31.3,11.3,65.0,119.5,17.0,12.1,0.45,48.8,122
28.7,59.7,9.8,7.5,14.5,49.0,4.6,0,47.8,66
33.2,25.6,5.6,47.7,77.1,35.9,18.9,0.7,52.8,83
5.7,81.4,7.4,72.1,136.1,52.1,10.3,1.05,23.4,143
34.4,20.9,7.2,61.7,98.2,3.1,9.0,0,63.5,107
25.7,57.1,5.2,45.5,83.3,6.4,33.5,1.37,48.1,84
31.4,82.0,5.8,71.4,135.1,8.7,0,0.58,58.2,139
41.4,77.1,15.1,32.0,51.4,6.0,29.0,1.83,37.8,92
15.9,58.8,8.8,55.7,129.0,17.0,19.5,1.45,43.5,131
38.5,74.5,10.4,37.9,83.6,30.3,12.1,2.11,65.9,104
24.7,71.2,12.6,88.7,193.4,42.0,19.5,0,51.3,204
28.7,77.1,18.1,77.7,188.3,47.5,12.1,1.5,59.3,188
17.6,51.7,9.0,41.4,61.4,28.4,17.9,1.61,54.0,77
29.5,58.5,11.3,80.7,171.0,12.2,24.9,0,58.7,173
33.5,49.9,12.4,45.9,113.7,39.7,18.4,1.27,63.5,120
21.4,35.5,14.3,46.7,63.1,24.3,28.2,0.17,78.6,73
29.4,50.1,19.5,44.5,102.1,37.0,0.1,1.18,68.2,119
20.3,60.5,3.2,67.2,88.0,42.6,22.9,0.69,36.4,124
12.5,110.0,15.4,33.0,82.1,52.8,28.7,2.06,34.4,99
22.0,34.3,8.7,94.9,193.3,11.6,21.7,0.35,31.8,189
25.8,61.1,7.6,48.3,97.3,53.5,18.0,1.27,48.2,98
13.3,11.9,4.4,70.6,98.7,23.5,11.9,2.18,48.2,119
7.4,68.8,17.0,21.9,36.1,31.0,23.0,0.22,37.3,38
4.9,78.8,6.8,69.8,117.9,25.0,15.6,0,22.1,115
39.8,49.3,10.1,37.4,50.2,7.4,8.3,0,42.2,56
5.6,65.9,5.0,49.4,91.1,57.2,12.5,0,65.9,91
27.2,96.6,12.7,24.2,29.9,56.8,22.1,0.54,54.9,74
19.2,74.5,8.0,31.7,64.8,0,2.9,1.63,44.7,81
26.7,49.8,14.9,67.9,161.0,10.4,13.4,2.23,6.1,153
17.8,73.8,1.8,29.8,39.7,21.8,6.9,0,38.5,46
36.7,46.0,14.1,0,0.0,30.7,21.7,0.16,47.3,49
35.1,59.5,11.2,95.2,125.6,35.0,11.3,0.85,52.4,160
14.2,68.9,18.6,29.7,66.7,16.2,3.6,1.41,41.8,75
17.2,44.5,10.3,24.9,30.5,18.5,0,0.51,33.8,49
21.1,13.9,12.4,0,0.0,24.4,3.2,1.42,27.8,67
21.3,68.5,14.5,83.5,132.7,13.9,18.5,1.14,35.8,141
34.9,72.9,3.6,51.2,88.4,57.1,19.9,1.34,48.2,98
12.5,65.7,3.4,68.4,85.3,35.8,19.6,0.92,63.3,112
19.8,90.9,-0.3,52.3,121.3,30.4,26.7,1.55,61.5,113
17.1,70.5,8.8,38.8,94.1,28.2,9.6,1.99,54.3,105
20.0,83.3,-0.8,77.8,182.8,23.6,15.4,1.41,44.7,179
16.4,50.0,10.0,23.0,40.2,37.7,19.9,1.85,35.2,92
38.3,40.7,10.3,67.8,118.7,24.5,4.5,0,74.8,111
14.7,84.1,10.4,46.0,113.0,0,3.2,0.0,6.9,110
8.6,61.6,16.3,16.6,27.8,77.0,16.9,0.62,54.1,89
8.2,88.3,-0.8,109.7,168.1,61.4,25.0,1.05,44.4,191
10.8,32.1,2.4,48.4,60.2,9.7,27.4,0,51.2,79
8.6,80.0,7.9,0,0.0,44.0,1.2,0.26,33.8,48
14.0,58.3,4.5,59.1,120.2,31.1,2.9,0,47.0,124
19.0,47.5,12.5,51.9,97.1,67.0,11.4,1.13,10.5,94
8.7,50.4,15.2,40.3,84.4,14.5,23.3,0,39.3,89
33.5,97.2,19.8,28.4,42.3,72.9,7.7,0.32,29.9,102
10.1,69.9,17.4,60.1,105.7,47.7,14.7,1.34,10.5,115
36.8,81.4,-0.3,83.2,148.8,25.4,10.5,0.88,38.9,154
11.7,54.5,15.7,83.5,165.3,58.8,23.2,0.98,28.9,161
20.3,66.1,9.0,71.3,142.9,46.0,9.7,0.64,24.9,146
25.3,46.3,16.9,22.5,47.7,0.8,14.3,0.39,47.0,49
21.4,72.7,24.2,0,0.0,56.4,12.2,1.0,36.1,70
38.9,53.5,14.7,0,0.0,68.1,8.2,0.7,14.8,85
28.8,52.6,7.5,80.4,111.3,34.5,17.0,2.13,66.3,138
10.7,74.6,8.2,80.4,176.1,10.8,14.3,1.69,45.6,173
42.0,58.8,15.7,91.7,188.5,32.0,11.8,1.34,59.7,192
26.7,54.1,4.8,117.0,146.7,28.6,5.3,1.99,26.0,196
36.4,26.9,11.6,48.9,113.9,35.1,20.5,0.36,47.5,119
16.6,13.8,3.3,2.6,4.5,25.8,30.1,1.64,24.4,72
39.9,64.9,7.9,21.8,42.9,66.3,9.3,1.19,55.0,86
12.2,12.2,13.5,33.0,81.2,28.8,1.4,0,25.1,88
22.5,10.0,6.9,29.9,37.7,19.1,8.1,1.29,43.2,69
22.1,49.9,11.9,102.7,135.2,21.3,18.6,0.62,43.3,167
25.2,30.9,14.2,63.0,111.0,36.0,6.9,0.83,35.3,106
8.7,36.9,9.5,68.3,131.9,15.0,0.1,1.62,42.1,125
15.4,68.5,14.4,53.4,96.2,34.9,30.0,1.53,52.2,92
16.1,54.6,15.2,71.9,100.1,17.5,30.0,2.24,48.0,115
24.1,66.0,11.3,51.7,69.3,22.1,17.0,0.45,25.6,86
32.7,80.6,12.9,83.0,119.0,49.3,19.1,1.73,72.9,143
21.1,85.4,2.8,68.1,137.0,25.1,41.0,1.36,33.6,140
40.2,27.8,3.8,72.8,87.9,45.3,19.6,1.33,27.3,122
42.6,21.8,5.4,21.0,42.1,48.7,13.5,0.44,30.9,57
30.2,62.4,10.6,51.3,126.2,32.3,19.3,0.58,32.2,120
12.1,71.0,10.8,29.9,47.6,7.9,17.6,1.48,37.3,78
37.7,82.0,8.7,77.4,113.1,9.5,0,0.36,50.7,129
14.2,36.9,19.6,30.1,64.9,9.0,7.8,0.77,53.9,58
26.2,37.0,5.1,58.9,125.5,8.9,4.7,0.85,40.9,127
33.1,47.0,4.2,53.1,128.6,12.3,27.7,1.65,48.2,130
33.6,61.6,13.5,68.5,135.9,20.2,23.0,0.02,55.3,139
18.9,10.8,13.7,0,0.0,40.2,0,1.62,22.1,80
41.3,54.8,7.7,59.9,79.7,55.9,0,2.28,47.2,117
26.8,61.1,13.4,26.3,37.0,50.0,0,1.28,44.5,58
30.9,70.3,12.4,46.5,77.3,48.2,34.6,1.47,44.5,80
20.6,37.6,6.2,3.3,8.0,9.6,19.2,1.21,34.2,66
33.5,69.7,-1.9,58.8,78.6,24.8,1.1,0,54.2,96
22.2,80.8,1.9,53.4,71.0,19.1,7.8,2.01,63.3,96
28.9,61.8,6.3,59.2,109.9,13.0,23.3,1.39,44.9,105
22.1,50.1,10.1,13.6,20.3,36.6,5.2,0.25,50.0,55
10.8,56.8,10.9,48.5,109.0,32.2,18.9,0.88,18.6,122
26.8,66.1,10.4,4.0,8.2,35.6,13.0,0.14,26.0,41
14.8,54.3,14.9,27.4,43.7,7.0,14.0,0,49.5,50
2.8,52.2,8.3,15.2,22.3,0,10.1,0.29,12.5,32
13.7,49.1,11.9,41.3,67.4,35.2,12.4,0,69.6,81
24.1,68.6,4.2,40.0,87.3,32.5,17.0,1.31,22.8,88
42.2,51.3,-4.6,60.7,102.2,34.5,8.5,0.46,71.9,104
31.0,71.9,9.5,16.8,41.5,50.5,0,0,32.7,59
16.1,44.7,7.4,33.9,72.2,64.2,7.6,0,26.8,80
18.8,83.3,12.1,25.1,33.4,21.0,0,1.25,42.0,67
17.7,41.9,11.6,3.2,5.9,25.6,8.8,1.38,23.1,69
3.5,77.0,-3.4,62.4,141.7,36.4,19.1,0.9,24.1,139
5.9,70.2,12.3,0,0.0,35.5,0,2.44,20.6,119
34.4,77.9,12.8,53.5,90.1,47.0,14.5,0,49.6,94
35.4,100.4,13.2,69.5,157.5,21.1,9.9,1.03,30.1,166
13.7,72.9,0.2,28.6,63.4,0,17.5,0,21.2,58
24.7,39.2,11.7,59.8,133.9,16.8,9.7,0.29,44.0,139
0.6,47.2,16.3,10.1,20.6,50.9,3.3,0,18.6,62
12.6,78.2,14.5,63.1,123.1,56.0,27.3,1.34,42.6,128
29.0,53.9,12.9,37.0,45.3,33.4,7.7,0.54,14.4,53
31.2,44.1,6.8,102.7,126.4,41.1,5.4,1.32,53.9,168
24.8,69.9,12.5,58.4,81.0,29.7,19.3,0.71,56.8,101
37.1,57.9,11.0,73.9,119.4,37.1,7.4,1.37,28.6,130
29.9,69.3,10.1,9.0,16.5,30.3,5.1,1.21,48.4,56
27.2,39.6,10.5,49.1,76.0,71.5,29.6,0.73,44.1,96
26.9,43.4,8.3,51.5,104.3,45.1,40.1,0,74.6,106
12.8,20.9,15.1,35.4,63.8,30.3,19.0,0.42,36.9,64
35.5,50.7,2.2,15.9,27.0,13.2,26.4,0.18,38.6,46
29.6,44.4,8.4,32.5,44.9,36.3,7.4,0.77,26.1,57
33.4,55.4,8.1,22.0,33.9,30.4,4.0,1.06,89.5,87
34.3,57.1,9.5,31.2,37.6,3.1,0,1.25,39.9,58
37.3,40.9,10.5,5.8,12.8,25.2,11.8,2.48,54.1,121
11.8,37.9,17.3,52.1,74.6,13.4,16.7,0,52.6,87
35.0,51.5,10.2,51.1,80.0,46.6,10.5,1.93,58.6,94
40.0,62.3,15.8,28.7,68.1,42.3,13.2,0.47,59.3,77
9.0,84.5,4.7,39.8,76.4,16.1,4.1,0.57,16.8,79
27.1,74.2,11.5,29.5,55.5,23.9,16.3,0.49,23.2,42
20.7,36.9,9.9,80.9,144.8,56.5,9.6,1.24,38.6,150
21.0,76.0,9.9,36.0,60.1,9.7,16.2,0,42.4,64
15.4,70.5,13.3,48.1,62.8,25.9,14.0,0.83,0,78
26.8,60.0,13.0,29.8,39.5,56.0,0,1.18,25.8,66
21.2,73.1,12.9,62.1,102.0,47.0,18.0,1.52,6.0,105
11.3,62.5,3.0,39.8,50.9,26.0,23.5,1.14,38.8,65
40.6,92.2,6.0,64.5,129.9,57.6,21.0,0.38,45.7,128
28.0,60.2,6.4,13.2,16.0,12.8,1.7,1.95,59.2,93
12.4,99.8,11.1,22.1,35.9,33.3,19.4,0.75,33.1,42
18.6,34.5,6.8,42.2,90.5,50.9,8.0,1.2,40.9,89
21.0,79.8,18.1,34.3,55.1,56.0,3.6,1.41,50.8,68
33.0,86.5,10.3,47.7,88.6,23.8,25.1,0,37.8,90
31.7,101.6,11.0,28.1,58.1,10.7,0,0.42,38.0,47
12.9,44.5,6.5,62.9,140.1,48.8,21.8,1.15,47.1,140
26.7,87.8,10.6,101.0,246.3,13.9,29.3,1.14,52.6,251
24.4,64.4,10.6,66.2,96.2,41.0,0.4,0.3,45.7,111
27.0,71.7,16.0,14.8,24.3,18.2,12.9,2.53,47.4,127
23.9,51.4,5.6,50.9,122.9,20.6,12.5,1.56,50.0,116
50.6,40.1,20.3,37.0,86.6,40.2,17.2,2.27,43.1,115
34.1,41.0,14.8,63.0,79.4,27.8,10.2,0.65,21.2,103
23.4,65.8,12.9,0,0.0,70.8,10.9,1.08,47.7,81
27.7,81.9,12.4,50.6,94.1,1.2,3.8,1.01,37.5,98
19.6,30.2,6.0,43.8,75.4,53.3,8.7,1.55,42.2,80
44.1,46.4,12.6,72.9,176.1,13.2,6.1,1.72,56.2,178
16.3,66.4,5.2,33.8,67.8,9.9,20.0,0,52.8,66
34.0,66.3,13.3,29.3,38.3,15.1,21.6,0.2,30.7,42
29.1,55.9,11.3,49.2,71.8,35.9,23.4,0.52,70.6,80
17.7,40.6,-6.9,101.7,219.9,29.7,16.1,0.95,30.3,229
27.1,40.1,4.5,67.8,139.1,6.4,17.1,1.03,35.0,136
29.3,59.9,4.3,0,0.0,26.5,13.1,0.12,48.0,44
31.5,91.7,8.9,34.4,61.4,11.9,11.5,0.63,42.1,62
24.5,74.0,1.2,37.5,78.4,47.6,0.7,1.79,29.3,89
42.4,65.1,12.5,38.6,94.1,16.4,27.3,0.13,38.8,104
4.2,65.6,14.8,26.8,36.0,27.2,5.1,0.63,37.3,43
35.1,75.5,17.5,55.5,101.9,32.9,18.5,1.64,44.7,103
39.6,66.2,10.7,29.6,68.6,28.6,10.0,1.25,64.1,73
21.3,61.0,19.6,25.7,35.1,35.8,25.2,0.77,24.2,35
10.6,39.8,6.9,34.9,42.2,15.3,17.3,1.23,13.4,67
3.3,52.9,14.0,20.6,40.2,28.7,6.8,1.65,20.4,80
10.0,51.9,16.6,48.9,74.6,18.5,28.1,0.24,3.2,84
30.3,83.7,0.5,101.4,153.2,41.0,9.2,0.54,36.2,176
17.2,57.6,6.6,0,0.0,32.6,19.0,0.99,58.8,64
20.0,79.4,9.9,86.6,155.9,57.6,21.8,1.0,25.3,156
5.3,57.7,10.4,96.6,157.0,59.5,14.9,0.08,49.9,164
26.2,108.9,15.9,96.7,221.9,31.8,16.7,1.54,50.5,217
22.8,90.0,14.0,43.4,72.3,19.6,15.6,1.21,36.7,69
18.7,24.0,12.7,0,0.0,45.9,9.0,0.91,44.0,66
25.5,64.9,-1.4,38.1,50.2,40.5,0,2.14,37.7,110
21.6,47.7,16.6,5.1,11.7,36.0,20.3,0.67,44.4,42
36.4,65.1,13.2,0,0.0,17.7,17.1,1.73,55.2,91
21.0,78.2,8.2,54.4,122.8,18.7,7.2,1.51,44.8,121
37.8,69.2,9.8,0,0.0,16.2,27.0,2.78,14.6,131
20.0,31.6,17.6,29.6,48.2,2.6,0,0.35,66.7,62
26.0,39.4,5.8,13.3,19.9,49.3,0,0,45.3,68
31.9,49.6,9.4,0,0.0,48.0,18.6,0.87,54.2,60
27.7,83.9,6.9,99.7,162.3,19.1,12.5,2.13,45.0,160
39.3,55.9,9.7,52.7,121.3,22.7,21.5,0,41.7,119
18.5,47.8,2.6,25.3,41.0,17.7,14.0,1.03,43.2,50
30.0,86.5,12.1,67.0,88.4,0,4.6,1.53,40.4,119
32.6,48.0,17.4,41.5,63.2,42.5,12.6,1.85,38.4,90
25.8,52.0,15.0,37.7,53.5,7.9,19.3,0.87,17.7,67
8.9,79.5,10.6,81.4,195.1,3.2,10.2,0.74,32.8,191
14.3,65.0,5.2,79.3,102.6,44.7,23.5,1.29,45.2,138
25.9,56.4,4.3,112.8,277.6,8.6,6.9,1.66,30.3,272
22.6,63.1,14.3,31.5,60.9,37.4,25.1,0.94,74.5,73
13.2,29.5,10.5,26.3,63.2,2.6,14.3,0.41,63.5,65
14.8,38.0,7.7,2.9,4.5,0.9,19.2,0.97,57.7,67
19.3,94.2,10.7,12.3,21.1,0,0,0.11,30.0,30
8.3,77.5,9.9,76.0,186.8,19.3,6.8,0.71,48.6,193
13.7,84.1,13.8,54.5,75.6,11.9,14.8,0,26.5,93
43.4,57.0,11.9,45.6,95.9,1.2,12.7,0.95,42.6,90
36.1,64.1,13.0,77.4,174.9,23.0,16.4,1.26,58.4,183
23.7,103.1,4.1,81.4,163.8,38.2,10.6,0.79,55.9,163
34.0,40.4,7.1,38.1,48.7,21.8,15.0,0.9,8.4,56
35.0,73.9,16.8,48.2,119.8,33.3,0,0.28,49.8,115
29.1,119.7,-2.3,94.2,194.5,0,12.5,1.19,36.3,198
33.9,73.0,7.4,5.2,12.2,47.5,25.4,1.44,38.1,69
7.6,41.2,15.1,22.2,38.6,10.9,26.1,3.17,60.3,156
34.4,62.0,18.7,58.5,94.9,4.3,19.7,0.11,59.3,102
30.2,102.0,5.2,116.8,277.6,26.7,14.2,0.34,47.9,280
12.1,56.7,13.7,16.7,22.8,34.9,6.9,0.53,19.3,46
20.7,50.6,10.8,33.1,48.8,17.3,15.3,0,53.9,58
23.7,48.5,19.7,11.9,26.1,32.9,22.6,0,46.6,49
28.8,28.6,8.3,80.4,187.6,46.5,30.5,0.43,27.0,183
13.6,82.2,9.6,22.4,45.5,0,7.5,1.2,26.8,62
27.8,87.8,14.4,96.1,129.9,17.3,1.8,2.16,62.8,158
28.6,60.1,0.6,38.8,96.1,21.9,23.6,0.39,20.1,89
23.3,63.5,14.9,12.9,17.8,24.7,32.8,0.46,25.1,41
20.5,53.3,5.4,1.5,3.1,16.0,10.0,1.41,39.8,78
24.7,22.8,11.3,0,0.0,31.0,23.9,0.91,47.2,44
23.0,23.7,9.5,30.6,71.2,40.0,25.4,0,68.7,66
8.6,85.2,9.6,28.6,71.2,55.7,15.5,0.2,22.3,71
22.8,47.6,13.1,19.4,26.6,30.4,1.8,1.53,13.9,75
14.3,65.6,12.3,38.7,53.7,14.4,18.3,2.3,37.0,114
23.0,34.1,3.5,0,0.0,50.1,11.8,1.99,12.8,111
40.3,62.8,11.5,90.0,177.4,26.4,28.8,0.79,46.9,178
25.7,83.1,5.3,0,0.0,8.3,25.8,1.33,21.7,68
5.3,50.6,6.7,30.3,41.1,14.3,25.1,1.46,23.9,68
37.9,63.8,6.4,39.0,84.5,33.5,8.9,0,51.1,79
30.3,65.9,11.1,92.6,133.3,10.7,15.8,0.85,27.7,152
29.4,38.6,3.4,41.3,87.9,32.6,10.0,1.04,5.8,90
21.2,49.8,8.2,0,0.0,17.9,19.7,1.39,50.8,75
26.6,55.7,15.9,38.7,64.8,9.8,12.1,1.01,43.2,61
48.0,25.3,8.9,23.0,44.9,11.7,10.9,0.08,67.9,67
18.3,56.7,17.5,74.9,113.0,36.4,22.8,2.0,6.4,122
20.8,53.4,12.0,36.2,55.4,24.5,0,2.17,35.4,110
24.7,81.0,7.9,17.3,22.4,22.9,0,0.83,33.1,36
35.5,71.7,3.8,37.3,92.8,35.6,12.9,1.07,43.0,92
28.4,66.8,8.2,45.9,93.3,18.3,21.8,0.77,74.1,93
26.4,22.3,19.2,24.6,59.2,36.5,22.3,2.15,33.5,116
12.8,61.6,6.9,0,0.0,0,1.7,1.92,68.3,93
30.9,57.1,-3.1,13.5,31.0,24.7,9.8,1.06,63.4,64
27.9,68.6,4.1,85.4,108.4,21.7,0,0.84,33.0,136
15.1,83.9,23.4,55.7,86.8,7.5,0,1.84,57.8,87
18.3,97.2,14.8,42.1,67.6,36.9,17.2,0.76,3.3,71
28.0,58.9,3.7,0,0.0,31.8,4.4,1.44,41.9,66
-10.0,53.4,15.9,12.7,21.9,0,0.3,0.97,1.3,46
9.1,61.2,18.2,96.4,225.9,18.7,1.5,0.81,4.3,218
15.6,23.2,6.5,38.3,49.6,42.8,4.8,1.8,33.2,87
31.7,93.6,17.2,50.2,110.1,54.9,21.2,1.46,43.0,113
24.0,34.1,10.9,66.4,160.3,6.7,0.4,1.87,45.7,156
17.2,42.9,15.4,27.6,33.3,46.5,20.0,0.67,34.4,60
20.8,60.4,7.1,47.0,63.9,18.4,15.5,0.68,31.5,75
30.2,48.6,11.4,49.5,87.5,21.1,18.2,0.6,35.4,92
12.2,91.3,11.0,71.2,89.1,4.0,25.2,1.38,30.9,120
35.8,52.0,6.6,13.7,30.8,42.0,13.0,0.31,50.7,42
2.3,59.5,12.7,20.7,27.8,33.2,16.3,1.53,45.8,77
17.7,52.0,5.9,96.0,169.4,25.2,12.2,1.89,39.6,166
31.9,79.6,10.0,102.1,237.2,45.1,14.7,1.23,36.9,235
7.5,52.9,4.4,87.7,172.7,86.8,10.2,0.57,36.6,174
48.0,57.2,3.8,68.1,89.8,49.4,18.2,0.61,73.9,114
34.0,36.3,10.8,26.1,40.4,16.6,13.2,1.73,35.5,89
27.8,61.7,17.8,59.4,87.6,0,18.8,1.41,49.6,103
22.0,57.0,12.1,83.2,193.1,32.2,7.0,2.15,24.2,200
15.5,56.5,8.0,30.6,52.0,38.0,11.6,0.98,30.2,43
13.6,52.6,7.3,27.7,35.9,0,6.2,0.79,29.8,31
29.7,90.5,13.1,56.9,108.9,29.4,35.5,2.05,18.9,119
21.7,29.9,12.5,49.2,85.9,26.0,25.8,0.6,60.9,87
23.3,50.1,16.2,52.8,118.0,18.6,0,0.03,55.3,127
5.6,76.9,17.2,7.8,13.5,53.1,14.1,1.51,38.4,78
18.2,21.2,11.4,6.5,13.9,13.2,13.7,1.23,62.3,59
23.0,74.2,11.0,65.8,154.5,32.8,22.1,0.72,46.9,148
25.1,97.2,9.7,54.2,89.6,14.8,9.1,2.08,54.3,97
20.1,36.9,13.7,35.9,81.1,36.1,18.2,0.5,49.2,80
37.2,55.6,18.6,34.9,77.3,56.0,25.3,0.14,63.4,82
14.7,25.0,7.1,45.8,89.6,45.6,20.9,0,43.4,93
23.6,41.0,11.8,34.6,49.7,45.8,33.3,1.35,57.9,66
10.7,71.8,10.4,62.3,124.1,48.0,18.5,1.13,36.3,135
29.5,58.3,2.1,42.5,95.7,14.5,9.1,2.48,48.4,125
10.7,74.5,11.0,63.8,128.6,35.6,41.0,1.18,42.2,128
24.2,41.9,9.1,24.4,44.5,10.0,10.8,1.37,53.6,70
27.8,50.0,3.4,88.4,117.8,56.1,11.5,1.92,48.2,145
26.9,57.7,7.5,55.3,113.5,36.2,35.3,0,64.1,115
20.6,64.7,12.1,107.0,178.1,59.8,11.2,0.73,70.2,173
35.8,43.4,12.7,75.5,149.5,25.1,9.8,0.66,36.9,151
16.6,95.4,16.8,14.0,31.5,0,14.0,0.69,73.2,73
33.7,83.5,7.9,79.8,170.5,35.1,3.9,1.96,54.9,174
23.0,114.6,18.7,65.8,106.3,47.9,1.4,1.57,18.6,114
16.0,91.2,7.9,35.7,62.3,5.3,15.2,0,32.4,57
33.7,36.8,13.1,23.5,49.7,0,15.1,1.06,49.7,53
1.5,42.0,11.5,37.6,62.2,53.3,0,1.28,19.4,73
40.4,103.5,8.1,59.3,75.5,67.5,31.6,2.56,46.0,123
50.5,68.5,4.6,85.1,175.4,64.1,23.5,1.14,52.6,174
28.0,83.0,13.0,56.7,81.5,19.5,14.3,0,40.0,91
17.3,69.6,11.5,2.8,4.4,53.0,32.1,2.31,43.7,115
25.0,75.0,3.4,80.4,183.2,12.1,25.3,0.54,38.5,178
39.9,104.8,-3.7,51.6,70.4,36.6,28.5,1.1,59.3,86
12.2,80.1,2.3,29.4,59.8,33.4,17.8,0.58,43.2,53
26.6,69.0,16.0,65.0,149.4,46.0,16.4,0.72,41.9,143
15.4,50.8,15.9,37.2,57.7,26.1,27.8,0.85,13.3,59
33.3,64.9,10.6,46.3,77.1,25.9,24.9,1.45,70.2,75
-1.7,57.3,7.8,6.3,8.4,48.1,17.0,0.57,16.6,58
8.3,39.8,9.3,60.0,108.1,36.6,12.1,0.67,3.6,111
11.4,61.4,7.1,84.0,180.3,24.5,1.6,0,21.4,188
20.0,76.0,13.3,23.5,55.4,33.0,5.2,1.28,59.9,67
27.6,43.7,5.8,51.5,120.0,19.6,0,0.38,45.1,118
32.2,69.7,12.7,40.4,63.2,24.4,18.3,1.59,69.4,79
36.3,58.5,20.2,31.9,43.4,21.1,12.4,0.9,57.8,54
38.9,25.1,13.3,59.1,135.9,48.5,12.1,0.61,33.2,135
45.3,48.6,3.7,17.4,26.4,4.2,15.5,0.91,60.2,57
30.5,76.9,14.4,61.3,110.4,48.6,21.2,0,20.1,108
25.9,54.9,-1.1,96.9,141.4,14.0,10.9,1.62,60.3,161
21.6,38.3,9.8,51.0,71.6,1.9,17.7,0.91,44.2,81
19.2,77.5,8.2,20.7,26.2,39.6,31.7,0,34.8,46
22.3,53.7,14.6,56.3,89.4,20.5,0,0,37.7,93
43.8,96.0,15.9,23.8,33.7,58.0,8.9,1.68,29.3,85
33.2,86.2,5.3,91.1,155.3,64.9,16.1,0.74,43.2,152
13.0,33.8,23.1,81.1,174.9,17.7,12.7,1.42,28.3,176
28.2,52.6,15.0,37.3,69.9,51.9,15.3,1.21,37.4,57
33.3,71.5,12.0,79.3,151.5,27.3,19.9,1.67,25.2,162
37.9,55.4,19.1,46.5,56.7,48.8,7.9,1.84,31.8,89
16.1,44.2,12.5,7.4,16.2,23.6,19.7,1.33,29.6,68
14.6,46.0,2.9,87.0,182.2,14.9,18.1,0,13.9,192
-0.6,63.2,7.8,24.3,42.1,7.6,0,1.03,35.8,50
12.6,69.1,14.1,51.8,90.6,33.7,25.9,0.61,43.0,88
26.0,103.4,7.8,9.3,19.7,49.3,14.9,0.9,35.5,64
20.7,100.2,9.1,112.5,251.4,17.2,18.8,1.67,31.2,254
25.6,34.0,16.5,55.8,91.3,5.5,45.4,0.36,44.9,107
30.1,86.9,14.3,2.8,5.4,49.6,25.3,1.49,43.7,79
18.2,51.5,10.9,56.1,113.4,7.5,19.1,0,31.0,111
2.0,44.1,10.6,56.2,99.4,11.5,5.3,2.24,35.1,114
23.1,35.7,15.5,61.9,125.0,46.1,10.3,1.46,51.6,122
17.7,56.7,11.6,0,0.0,21.3,8.2,2.03,30.5,97
14.9,77.7,13.4,37.1,58.1,24.6,18.5,0.78,23.3,62
30.2,43.1,8.9,44.5,57.7,37.7,14.0,0.7,31.7,70
45.1,64.5,7.1,68.2,132.1,30.8,13.0,0.87,99.8,130
11.3,62.8,7.2,43.9,95.0,41.7,12.1,1.17,36.2,92
24.6,66.6,8.2,54.7,81.3,47.4,11.7,0,40.4,97
33.9,54.6,6.0,39.9,86.6,6.0,15.3,0.58,52.7,90
38.5,72.3,7.4,19.7,43.4,46.5,8.3,2.32,65.9,114
32.8,45.9,9.8,0,0.0,13.5,8.4,0.29,40.4,39
22.3,62.6,11.1,7.2,11.3,28.1,21.7,0,54.8,54
31.2,62.4,6.1,97.1,161.6,56.3,21.4,0.04,64.4,165
31.1,77.8,10.3,0,0.0,37.7,5.9,0.7,30.8,43
31.4,69.7,1.9,14.0,32.4,67.7,24.6,0,57.6,83
33.0,71.8,18.5,0,0.0,30.5,19.4,1.34,39.7,72
17.7,52.4,3.9,2.2,5.4,43.9,10.7,1.44,26.1,81
11.4,87.9,11.8,63.9,143.3,33.8,13.7,0.37,36.0,138
16.9,54.0,6.2,28.2,59.5,0,20.5,1.4,36.9,65
34.9,66.2,10.3,62.2,100.7,30.6,10.9,0.21,52.1,107
32.8,48.9,22.4,0,0.0,40.5,9.3,1.08,39.3,56
23.7,46.8,16.0,50.4,71.7,15.3,22.2,1.68,62.8,91
25.4,18.2,15.0,29.5,52.6,47.6,23.5,0,32.3,64
23.7,58.3,6.4,46.3,60.5,46.7,0,0.42,28.7,70
26.1,67.8,11.7,45.8,55.8,37.8,33.1,1.14,49.6,78
37.9,21.0,8.3,41.8,74.8,12.7,21.7,1.78,58.0,87
7.2,101.1,14.0,26.6,58.9,36.1,22.5,1.35,44.6,73
14.4,84.6,18.2,47.1,111.4,15.2,15.9,1.18,28.6,107
22.8,105.5,14.6,69.9,97.5,6.2,14.8,1.6,45.3,122
33.3,57.6,4.8,40.8,80.5,49.5,3.5,0.83,25.9,84
9.7,19.8,10.3,48.5,60.5,29.3,18.7,1.46,41.2,75
14.1,52.8,11.5,38.6,59.8,0,19.8,2.35,29.9,121
11.6,41.5,14.9,60.7,128.0,13.1,16.2,1.49,29.7,127
28.5,76.5,19.9,48.4,87.9,32.5,11.8,1.43,43.7,90
16.6,24.6,-1.0,1.3,2.5,15.0,15.6,2.14,55.9,93
12.5,72.5,4.8,60.5,80.0,39.8,9.5,2.23,12.9,114
32.7,59.0,5.3,51.6,62.8,11.1,27.6,2.07,30.0,110
8.1,51.9,8.6,27.1,33.2,0.3,34.5,0.79,29.6,43
17.5,60.2,9.2,0,0.0,29.5,8.4,2.1,32.8,115
20.6,41.5,0.3,0,0.0,45.8,13.6,2.2,51.7,107
-2.7,91.7,9.5,61.7,115.8,14.8,26.5,0.19,35.3,124
21.5,47.4,22.8,0,0.0,30.2,30.3,2.69,24.9,129
22.3,75.6,10.3,44.9,56.3,24.5,28.1,1.65,45.3,76
31.2,75.2,10.0,35.6,82.5,43.2,6.3,0,49.2,84
20.7,125.8,12.2,96.7,126.1,34.4,26.1,0.11,62.1,158
17.1,68.9,9.5,47.2,75.7,46.9,1.1,0.53,29.9,85
22.3,47.8,14.2,71.2,113.3,52.2,21.6,0.3,27.5,111
39.4,49.9,11.1,20.2,48.7,36.2,12.4,0.13,35.6,51
23.0,62.5,-1.7,26.1,45.6,31.0,1.2,0.81,52.1,49
24.6,35.1,8.3,29.4,50.2,62.3,14.1,1.05,53.1,68
21.8,61.7,18.9,61.9,126.6,25.5,18.9,0.77,57.5,126
28.1,58.2,2.5,49.7,72.9,23.4,25.1,2.03,33.4,102
16.2,25.1,8.6,65.3,162.3,53.0,15.5,0.85,31.3,169
25.0,66.5,11.6,57.2,130.5,51.7,11.8,1.09,53.5,134
43.4,56.0,13.4,12.8,29.1,13.4,0,0.37,41.0,39
20.2,72.2,3.3,76.3,145.9,58.9,6.8,1.1,21.3,135
10.2,61.3,4.0,79.6,106.6,11.8,20.2,1.87,38.0,132
24.4,50.6,16.8,74.4,93.4,12.7,36.4,0,18.7,126
20.2,115.8,3.8,107.3,198.9,11.8,27.7,0.78,43.5,196
17.3,56.5,5.5,37.1,57.9,0,15.7,0.32,12.4,69
19.0,44.6,2.8,55.3,107.8,61.0,7.4,0.58,38.3,102
47.3,44.0,15.7,33.5,77.3,33.4,17.4,1.3,81.1,88
8.3,65.0,19.0,37.1,79.9,33.6,36.4,1.78,62.3,89
14.6,85.3,12.7,94.4,122.3,55.5,16.1,0,55.6,148
18.3,87.9,-0.8,120.5,234.6,34.7,22.3,0.39,43.9,235
30.7,74.2,1.6,68.1,137.4,54.7,11.7,0.53,57.0,128
18.5,75.8,8.1,47.7,68.8,24.5,0,0.41,25.6,83
13.7,41.6,10.8,14.7,20.3,12.7,24.6,1.35,32.8,69
40.4,76.5,9.3,65.0,97.5,15.6,9.7,1.31,85.4,112
21.4,57.8,8.2,101.9,132.2,0,0,0.29,56.8,167
22.2,64.0,9.2,34.4,62.4,43.6,11.1,1.71,43.7,85
34.0,61.0,7.3,1.9,4.5,20.5,4.4,0,47.5,49
